<ImportExportXml version="9.0.0002.0054" SolutionPackageVersion="9.0" languagecode="1033" generatedBy="CrmLive" xmlns:xsi="http://www.w3.org/2001/XMLSchema-instance">
  <SolutionManifest>
    <UniqueName>SharePointGrid</UniqueName>
    <LocalizedNames>
      <LocalizedName description="SharePoint Grid" languagecode="1033" />
    </LocalizedNames>
    <Descriptions />
    <Version>1.0</Version>
    <Managed>0</Managed>
    <Publisher>
      <UniqueName>briteglobal</UniqueName>
      <LocalizedNames>
        <LocalizedName description="Brite Global CRM" languagecode="1033" />
      </LocalizedNames>
      <Descriptions>
        <Description description="Brite Global is a premier Microsoft Dynamics CRM consulting firm specializing in the deployment and implementation of Microsoft Dynamics CRM and Custom Software solutions for companies of all sizes." languagecode="1033" />
      </Descriptions>
      <EMailAddress>crmsales@briteglobal.com</EMailAddress>
      <SupportingWebsiteUrl>http://www.briteglobal.com</SupportingWebsiteUrl>
      <CustomizationPrefix>xrm</CustomizationPrefix>
      <CustomizationOptionValuePrefix>10000</CustomizationOptionValuePrefix>
      <Addresses>
        <Address>
          <AddressNumber>1</AddressNumber>
          <AddressTypeCode>1</AddressTypeCode>
          <City>Beverly Hills</City>
          <County xsi:nil="true"></County>
          <Country>USA</Country>
          <Fax xsi:nil="true"></Fax>
          <FreightTermsCode xsi:nil="true"></FreightTermsCode>
          <ImportSequenceNumber xsi:nil="true"></ImportSequenceNumber>
          <Latitude xsi:nil="true"></Latitude>
          <Line1>269 South Beverly Drive</Line1>
          <Line2>Suite 115</Line2>
          <Line3 xsi:nil="true"></Line3>
          <Longitude xsi:nil="true"></Longitude>
          <Name xsi:nil="true"></Name>
          <PostalCode>90212</PostalCode>
          <PostOfficeBox xsi:nil="true"></PostOfficeBox>
          <PrimaryContactName xsi:nil="true"></PrimaryContactName>
          <ShippingMethodCode>1</ShippingMethodCode>
          <StateOrProvince>CA</StateOrProvince>
          <Telephone1>(855) CRM-2011</Telephone1>
          <Telephone2 xsi:nil="true"></Telephone2>
          <Telephone3 xsi:nil="true"></Telephone3>
          <TimeZoneRuleVersionNumber xsi:nil="true"></TimeZoneRuleVersionNumber>
          <UPSZone xsi:nil="true"></UPSZone>
          <UTCOffset xsi:nil="true"></UTCOffset>
          <UTCConversionTimeZoneCode xsi:nil="true"></UTCConversionTimeZoneCode>
        </Address>
        <Address>
          <AddressNumber>2</AddressNumber>
          <AddressTypeCode>1</AddressTypeCode>
          <City xsi:nil="true"></City>
          <County xsi:nil="true"></County>
          <Country xsi:nil="true"></Country>
          <Fax xsi:nil="true"></Fax>
          <FreightTermsCode xsi:nil="true"></FreightTermsCode>
          <ImportSequenceNumber xsi:nil="true"></ImportSequenceNumber>
          <Latitude xsi:nil="true"></Latitude>
          <Line1 xsi:nil="true"></Line1>
          <Line2 xsi:nil="true"></Line2>
          <Line3 xsi:nil="true"></Line3>
          <Longitude xsi:nil="true"></Longitude>
          <Name xsi:nil="true"></Name>
          <PostalCode xsi:nil="true"></PostalCode>
          <PostOfficeBox xsi:nil="true"></PostOfficeBox>
          <PrimaryContactName xsi:nil="true"></PrimaryContactName>
          <ShippingMethodCode>1</ShippingMethodCode>
          <StateOrProvince xsi:nil="true"></StateOrProvince>
          <Telephone1 xsi:nil="true"></Telephone1>
          <Telephone2 xsi:nil="true"></Telephone2>
          <Telephone3 xsi:nil="true"></Telephone3>
          <TimeZoneRuleVersionNumber xsi:nil="true"></TimeZoneRuleVersionNumber>
          <UPSZone xsi:nil="true"></UPSZone>
          <UTCOffset xsi:nil="true"></UTCOffset>
          <UTCConversionTimeZoneCode xsi:nil="true"></UTCConversionTimeZoneCode>
        </Address>
      </Addresses>
    </Publisher>
    <RootComponents>
      <RootComponent type="1" schemaName="account" behavior="1" />
      <RootComponent type="1" schemaName="xrm_configurationsetting" behavior="0" />
      <RootComponent type="1" schemaName="xrm_gridcolumn" behavior="0" />
      <RootComponent type="1" schemaName="xrm_gridconfiguration" behavior="0" />
      <RootComponent type="60" id="{179476bf-25b9-4525-a773-435fde704035}" behavior="0" />
      <RootComponent type="60" id="{31ecd1b8-ab85-42f3-a608-d54d541dcc10}" behavior="0" />
      <RootComponent type="60" id="{9aac1a38-5acd-454a-bd09-a48e3bfe2fe7}" behavior="0" />
      <RootComponent type="60" id="{ec4ea5fc-8cd3-47a3-80a0-739cfa294a2d}" behavior="0" />
      <RootComponent type="60" id="{f7fe1c36-b878-425f-b6fd-520fcdfbdc03}" behavior="0" />
      <RootComponent type="61" schemaName="xrm_spg.api.js" behavior="0" />
      <RootComponent type="61" schemaName="xrm_spg.crm.js" behavior="0" />
      <RootComponent type="61" schemaName="xrm_spg.grid.html" behavior="0" />
      <RootComponent type="61" schemaName="xrm_spg.grid.js" behavior="0" />
      <RootComponent type="61" schemaName="xrm_spg.helper.js" behavior="0" />
      <RootComponent type="61" schemaName="xrm_spg.parent.js" behavior="0" />
    </RootComponents>
    <MissingDependencies>
      <MissingDependency>
        <Required key="0" type="2" schemaName="defaultpricelevelid" displayName="Product Price List" parentSchemaName="account" parentDisplayName="Account" solution="msdynce_ProductManagement (9.0.4.0052)" />
        <Dependent key="1" type="60" displayName="Account Sample" parentDisplayName="Account" id="{31ecd1b8-ab85-42f3-a608-d54d541dcc10}" />
      </MissingDependency>
      <MissingDependency>
        <Required key="2" type="10" schemaName="msdyn_account_msdyn_rma_ServiceAccount" displayName="msdyn_account_msdyn_rma_ServiceAccount" parentSchemaName="account" parentDisplayName="Account" solution="FieldService (7.0.0.213)" />
        <Dependent key="1" type="60" displayName="Account Sample" parentDisplayName="Account" id="{31ecd1b8-ab85-42f3-a608-d54d541dcc10}" />
      </MissingDependency>
      <MissingDependency>
        <Required key="3" type="10" schemaName="msdyn_account_msdyn_rtv_Vendor" displayName="msdyn_account_msdyn_rtv_Vendor" parentSchemaName="account" parentDisplayName="Account" solution="FieldService (7.0.0.213)" />
        <Dependent key="1" type="60" displayName="Account Sample" parentDisplayName="Account" id="{31ecd1b8-ab85-42f3-a608-d54d541dcc10}" />
      </MissingDependency>
      <MissingDependency>
        <Required key="4" type="10" schemaName="msdyn_account_msdyn_accountpricelist_Account" displayName="msdyn_account_msdyn_accountpricelist_Account" parentSchemaName="account" parentDisplayName="Account" solution="ProjectService (2.0.0.273)" />
        <Dependent key="1" type="60" displayName="Account Sample" parentDisplayName="Account" id="{31ecd1b8-ab85-42f3-a608-d54d541dcc10}" />
      </MissingDependency>
      <MissingDependency>
        <Required key="5" type="10" schemaName="msdyn_account_msdyn_workorder_BillingAccount" displayName="msdyn_account_msdyn_workorder_BillingAccount" parentSchemaName="account" parentDisplayName="Account" solution="FieldService (7.0.0.213)" />
        <Dependent key="1" type="60" displayName="Account Sample" parentDisplayName="Account" id="{31ecd1b8-ab85-42f3-a608-d54d541dcc10}" />
      </MissingDependency>
      <MissingDependency>
        <Required key="6" type="10" schemaName="msdyn_account_msdyn_workorder_ServiceAccount" displayName="msdyn_account_msdyn_workorder_ServiceAccount" parentSchemaName="account" parentDisplayName="Account" solution="FieldService (7.0.0.213)" />
        <Dependent key="1" type="60" displayName="Account Sample" parentDisplayName="Account" id="{31ecd1b8-ab85-42f3-a608-d54d541dcc10}" />
      </MissingDependency>
      <MissingDependency>
        <Required key="7" type="10" schemaName="msdyn_account_msdyn_rma_BillingAccount" displayName="msdyn_account_msdyn_rma_BillingAccount" parentSchemaName="account" parentDisplayName="Account" solution="FieldService (7.0.0.213)" />
        <Dependent key="1" type="60" displayName="Account Sample" parentDisplayName="Account" id="{31ecd1b8-ab85-42f3-a608-d54d541dcc10}" />
      </MissingDependency>
      <MissingDependency>
        <Required key="8" type="10" schemaName="msdyn_account_msdyn_project_Customer" displayName="msdyn_account_msdyn_project_Customer" parentSchemaName="account" parentDisplayName="Account" solution="ProjectService (2.0.0.273)" />
        <Dependent key="1" type="60" displayName="Account Sample" parentDisplayName="Account" id="{31ecd1b8-ab85-42f3-a608-d54d541dcc10}" />
      </MissingDependency>
      <MissingDependency>
        <Required key="9" type="10" schemaName="msdyn_account_msdyn_agreement_ServiceAccount" displayName="msdyn_account_msdyn_agreement_ServiceAccount" parentSchemaName="account" parentDisplayName="Account" solution="FieldService (7.0.0.213)" />
        <Dependent key="1" type="60" displayName="Account Sample" parentDisplayName="Account" id="{31ecd1b8-ab85-42f3-a608-d54d541dcc10}" />
      </MissingDependency>
      <MissingDependency>
        <Required key="10" type="10" schemaName="msdyn_account_account_BillingAccount" displayName="msdyn_account_account_BillingAccount" parentSchemaName="account" parentDisplayName="Account" solution="FieldService (7.0.0.213)" />
        <Dependent key="1" type="60" displayName="Account Sample" parentDisplayName="Account" id="{31ecd1b8-ab85-42f3-a608-d54d541dcc10}" />
      </MissingDependency>
      <MissingDependency>
        <Required key="11" type="10" schemaName="msdyn_account_msdyn_purchaseorder_Vendor" displayName="msdyn_account_msdyn_purchaseorder_Vendor" parentSchemaName="account" parentDisplayName="Account" solution="FieldService (7.0.0.213)" />
        <Dependent key="1" type="60" displayName="Account Sample" parentDisplayName="Account" id="{31ecd1b8-ab85-42f3-a608-d54d541dcc10}" />
      </MissingDependency>
      <MissingDependency>
        <Required key="12" type="10" schemaName="msdyn_account_msdyn_customerasset_Account" displayName="msdyn_account_msdyn_customerasset_Account" parentSchemaName="account" parentDisplayName="Account" solution="FieldService (7.0.0.213)" />
        <Dependent key="1" type="60" displayName="Account Sample" parentDisplayName="Account" id="{31ecd1b8-ab85-42f3-a608-d54d541dcc10}" />
      </MissingDependency>
      <MissingDependency>
        <Required key="13" type="10" schemaName="msdyn_account_msdyn_payment_Account" displayName="msdyn_account_msdyn_payment_Account" parentSchemaName="account" parentDisplayName="Account" solution="FieldService (7.0.0.213)" />
        <Dependent key="1" type="60" displayName="Account Sample" parentDisplayName="Account" id="{31ecd1b8-ab85-42f3-a608-d54d541dcc10}" />
      </MissingDependency>
      <MissingDependency>
        <Required key="14" type="10" schemaName="msdyn_account_msdyn_agreement_BillingAccount" displayName="msdyn_account_msdyn_agreement_BillingAccount" parentSchemaName="account" parentDisplayName="Account" solution="FieldService (7.0.0.213)" />
        <Dependent key="1" type="60" displayName="Account Sample" parentDisplayName="Account" id="{31ecd1b8-ab85-42f3-a608-d54d541dcc10}" />
      </MissingDependency>
      <MissingDependency>
        <Required key="15" type="60" displayName="account contact card" parentDisplayName="Contact" solution="msdynce_AppCommon (9.0.4.0052)" id="{29de27bc-a257-4f29-99cf-bab4a84e688f}" />
        <Dependent key="1" type="60" displayName="Account Sample" parentDisplayName="Account" id="{31ecd1b8-ab85-42f3-a608-d54d541dcc10}" />
      </MissingDependency>
      <MissingDependency>
        <Required key="16" type="66" schemaName="MscrmControls.CardFeedContainer.CardFeedContainer" displayName="MscrmControls.CardFeedContainer.CardFeedContainer" solution="CustomControlsCore (9.0.0002.0054)" />
        <Dependent key="1" type="60" displayName="Account Sample" parentDisplayName="Account" id="{31ecd1b8-ab85-42f3-a608-d54d541dcc10}" />
      </MissingDependency>
      <MissingDependency>
        <Required key="17" type="66" schemaName="MscrmControls.Grid.GridControl" displayName="MscrmControls.Grid.GridControl" solution="CustomControlsCore (9.0.0002.0054)" />
        <Dependent key="18" type="60" displayName="Information" parentDisplayName="Grid Configuration" id="{ec4ea5fc-8cd3-47a3-80a0-739cfa294a2d}" />
      </MissingDependency>
      <MissingDependency>
        <Required key="19" type="61" schemaName="msdyn_/Libraries/require/require.js" displayName="msdyn_/Libraries/require/require.js" solution="ProjectService (2.0.0.273)" />
        <Dependent key="1" type="60" displayName="Account Sample" parentDisplayName="Account" id="{31ecd1b8-ab85-42f3-a608-d54d541dcc10}" />
      </MissingDependency>
      <MissingDependency>
        <Required key="20" type="61" schemaName="msdyn_/Utils/head1.0.3.js" displayName="msdyn_/Utils/head1.0.3.js" solution="FieldService (7.0.0.213)" />
        <Dependent key="1" type="60" displayName="Account Sample" parentDisplayName="Account" id="{31ecd1b8-ab85-42f3-a608-d54d541dcc10}" />
      </MissingDependency>
      <MissingDependency>
        <Required key="21" type="61" schemaName="msdyn_/Account/Account.Library.js" displayName="msdyn_/Account/Account.Library.js" solution="FieldService (7.0.0.213)" />
        <Dependent key="1" type="60" displayName="Account Sample" parentDisplayName="Account" id="{31ecd1b8-ab85-42f3-a608-d54d541dcc10}" />
      </MissingDependency>
      <MissingDependency>
        <Required key="22" type="61" schemaName="msdyn_/Utils/FieldServiceTrial.js" displayName="msdyn_/Utils/FieldServiceTrial.js" solution="FieldService (7.0.0.213)" />
        <Dependent key="1" type="60" displayName="Account Sample" parentDisplayName="Account" id="{31ecd1b8-ab85-42f3-a608-d54d541dcc10}" />
      </MissingDependency>
    </MissingDependencies>
  </SolutionManifest>
</ImportExportXml>